id;logradouro;numero;complemento;bairro;cidade;estado;cep
1;aha;serene at provided;till summarise toe;anenst;admonish by;be;version diagram livid
2;hm;drat;fabricate;maestro innocently factorise;up hence but;ci;playfully thoughtfully
3;negative;throbbing;majority afford lively;duh;till muddy made-up;qu;into
4;whose;pepper quantify;maul healthily;conclude metabolise;comb section;nu;skean when
5;rationalise which boo;in unfurl scoff;what intently hippodrome;weight;nor like;ev;academics underneath
6;nicely rejigger;absent brr;deceivingly thigh lecture;ornate;eventually mob preregister;ho;than ouch
7;to;concentration freely;arbitrate positively sans;freely pleasing likewise;while blah;oc;junior aha wicked
8;gently role reopen;and nervously;hype webbed;overplay;bah;et;regarding that how
9;whether when ack;upright ramp;assist brochure inculcate;sway as christen;fess twist;su;inure eek including
10;between uh-huh;like except reproachfully;gasp scented;er;a overplay;mi;kit
